Project Name,YML File Count
01sadra,1
0GiS0,1
0Kirby,2
0xf4b1,6
0xpr03,1
20Nick,1
2439905184,1
2729StormRobotics,2
3daysapp,1
452,1
47degrees,1
52inc,1
6c65726f79,3
75py,3
8cAyqpVKio,2
8enet,1
ACM-VIT,3
AChep,2
AEFeinstein,1
AMOS-Project-TU-Berlin-Team-2,1
AOF-Dev,1
APN-Pucky,2
ARK-Builders,6
ARM-software,1
ARTI1208,4
Abhiek187,2
Abrynos,2
Abstractolotl,1
Active-Learning-and-Teaching,3
ActivityWatch,2
AdAway,4
AdamLBS,3
Adithya-13,1
AdoraNwodo,1
Aefyr,1
AgoraDesk-LocalMonero,1
Akaflieg-Freiburg,4
Akash-Ramjyothi,1
Akashkamble,2
AkshayChordiya,1
AlanCheen,1
Alaory,1
AlbatovK,1
Albert221,6
AlexZhukovich,3
AllanWang,1
Allsimon,1
Alvarenga-Dev,1
AmartyaSingh97,1
AmrDeveloper,1
AndBible,7
AndProx,1
AndreiD,1
AndrewQuijano,1
Andrewerr,1
AndroidKTX,3
AniTrend,4
AnimeTwist,1
AntennaPod,2
AnthoniIP,1
Anthonyeef,1
AntoninLoubiere,1
AntonioShen,2
Antox,2
Anuken,3
AnySoftKeyboard,8
Aperii,3
Appaxer,3
ApplETS,2
ArisGuimera,2
Arsybai,1
AtomicGameEngine,2
Austin-Ray,1
Ayvytr,6
BE-PROJECTS2018,1
BOINC,16
BanDev,1
Banana-Boat,2
Bartuzen,1
BaseballCardTracker,1
Be-Better-Programmer,1
BeerXP,1
BelledonneCommunications,1
Betaco-Open,1
Big-Fig,6
Binary-Team,1
BitByte-TPC,2
BitPortal,2
Blockstream,2
BlueCat-Community,1
Bnyro,4
BombusMod,2
BorisGautier,1
BrightDV,1
BruceTrindade,1
BruceWind,2
BryanGIG,1
BuildAPKs,3
BzCoder,1
CASL0,1
CCninja86,1
CIInc,2
CMPUT301F21T24,1
CMPUT301F21T37,1
CMPUT301F22T06,1
CNugteren,1
CSEKINGS,2
CSID-DGU,1
CYB3R-G0D,2
Cai1Hsu,2
Calendar-Events-Manager,1
Calinou,1
Calsign,1
CalyxOS,1
Cap-go,5
CarGuo,4
Carapacik,1
CarlosEsco,3
CasperVerswijvelt,1
CatimaLoyalty,6
Catrobat,2
CellularPrivacy,1
CerritusCodersComm,1
ChainSafe,1
Chamidilshan,1
Chandra-Sekhar-Bala,1
CherryPerry,1
Chesire,4
Church-Life-Apps,4
Clarifai,1
ClaymanTwinkle,1
Code0987,2
CodeChefVIT,4
CodeRockets,1
CodemateLtd,1
Coinfo,1
CominAtYou,1
Commit451,18
CookieJarApps,1
Cosmic-Ide,9
Cotel,1
Crazy-Marvin,22
CycloneAxe,1
CypherpunkArmory,1
DATL4G,3
DIT112-V19,1
DSAppTeam,1
DSC-JSS-NOIDA,1
DUpdateSystem,4
Dagda-Social,3
DanXi-Dev,3
DanielBerge,2
DanielMartinus,1
David-Hackro,1
DavidUps,1
DefinedNet,3
Delta-Icons,3
DevCom-IITB,1
DevelopFreedom,1
Devsoc-BPGC,1
DeweyReed,1
DidahDx,1
DiegoVictor,1
Dimas263,2
DimensionDev,3
Dimezis,1
Divested-Mobile,5
Docile-Alligator,2
Droid-ify,4
DroidKaigi,9
DroidsOnRoids,1
Droidui,3
Dzhuneyt,3
E2517,2
EBfVince,2
EXALAB,1
EarlOfEgo,1
EasyRPG,1
EdrowsLuo,1
EduFdezSoy,1
EkaterinaT89,1
Elbehiry,2
EmmanuelMess,1
EnisHalimi,2
EpimetheusMusicPlayer,1
Erudition,1
Etar-Group,1
EvanRespaut,1
EventFahrplan,1
Exodus-Privacy,2
EzraLopez,1
F4uzan,2
FLinspirer,1
Fabi019,3
FaceInCake,1
Fachschaft07,1
Faltenreich,1
FantLab,1
FarshidRoohi,1
Fast0n,1
Fbada006,1
Felix-Kariuki,1
FerranMontoliu,1
Fic-Spinoff,1
FirePing32,1
FishHawk,2
Flowit-Game,1
ForceTower,3
ForstaLabs,2
Fortyseven,1
Foundy-LLC,1
FreezeYou,2
FriesI23,4
Fueled,1
GDGVIT,3
GOVINDDIXIT,1
GauthamAsir,1
GetStream,1
Ghini,1
GianpaMX,1
GiorgioBertolotti,1
Glucosio,1
Gnuhry,1
Governikus,2
GrapheneOS,4
Green-Cloud-Project,2
Greenstand,1
Grohden,1
GuJin,1
GuhaAG,1
GulajavaMinistudio,1
HRVBand,1
HackGT,1
HadesPTIT,1
Haid-Faiz,3
Haifa3D,1
Haleydu,1
Hamza417,1
HaneetGH,1
Hash-Studios,1
HathorNetwork,1
Hatzen,1
HearthSim,2
Henry-Hiles,1
Him188,2
HitaloM,5
Hossam-Sayed,1
HugoGresse,1
Husseinfo,1
Hussienfahmy,1
I-Info,3
IBM-Cloud,1
IIT-BHU-InstiApp,2
IITC-CE,5
ILT-HSR,1
IReaderorg,4
IanField90,2
IdeaTrackerPlus,1
Ilya-Gh,1
InSync-HQ,1
Infomaniak,7
Interconnected-project,1
ItsCalebJones,3
ItsPriyesh,1
IvBaranov,1
JBamberger,1
JBirdVegas,1
JMRI,1
Jacknic,2
JahidHasanCO,2
JamesClonk,1
JamesOsborn-SE,2
Jamling,1
Javinator9889,1
Jblew,1
Jeevan-Kishore,2
JessYanCoding,2
JingZhuanDuoYing,1
Jintin,1
JobinBiju,1
Johan-Palacios,1
JonForShort,4
JonasBernard,1
JonasKress,2
JosielSantos,1
Julow,3
JumeiRdGroup,1
JunkFood02,3
JunkieLabs,4
Jyothsnasrinivas,1
KDE,1
KaidanIM,1
Kaljurand,1
KangLin,18
KaustubhPatange,1
Keidan,3
KenMizz,1
KiARC,1
KillyIO,1
Kirchhoff-,1
KishanViramgama,1
Knight-ZXW,2
KoalaSat,4
Konyaco,1
KotatsuApp,1
KunMinX,2
Kunalapk,1
Kwasow,2
KyleKun,1
LISTEN-moe,1
LateralView,1
Lauszus,2
LawnchairLauncher,14
LeanderBB,1
LeetaoGoooo,1
Leifzhang,1
LelouBil,1
LeonDevLifeLog,1
LeonErath,1
LezdCS,2
Li357,1
Lindronics,1
LinwoodDev,6
LiushuiXiaoxia,1
LiveTL,2
LivingWithHippos,1
Livinglist,3
LonamiWebs,1
Lucchetto,1
LuiSauter,1
LukeHackett12,1
Lustiges-aus-dem-Computer,1
Lyndir,1
M4trixtm,3
MCarlomagno,1
MD2Korg,10
MM2-0,3
MOIMOB,3
MRwangqi,3
Madonahs,1
MafQud,1
Mahmud0808,1
MakinGiants,2
Manabu-GT,1
ManeraKai,1
Manikkumar1988,1
MaramHarsha,1
MarcellHarmaci,2
MarcusWolschon,2
Marmo,1
Masquerade0097,2
Mastbau-FN,3
Mastersam07,3
MateriiApps,4
Matrix159,1
MatsuriDayo,1
MayconCardoso,2
Mercandj,1
MexsonFernandes,1
MikeAndrson,3
MirakelX,1
Miskerest,1
MkDocsEditor,1
MoazSalem,1
MohitGupta121,1
MoonMeet,4
Mosc,2
MrBean355,1
MrWu94,1
Muhammed-Rahif,2
MunichWays,2
MuntashirAkon,3
MusicPlayerDaemon,1
MyEtherWallet,1
Mygod,1
N3TC4T,1
NEO-TAT,4
NUmeroAndDev,4
NVE,2
NaagAlgates,1
Nain57,4
Naresh-chandanbatve,1
NathanWalker,1
Neamar,2
NekoX-Dev,2
NeoTerrm,1
Netdex,1
NexdApp,3
Nexters,1
NiciDieNase,3
NicksPatties,1
NilsFo,2
Nishant-Pathak,2
Njack-IITP,2
NoProvider2Push,1
NotWoods,2
NyaaPantsu,1
NyanArchive,1
OHermesJunior,1
OMIsie11,3
OPENER-next,4
Octav14n,1
OdyseeTeam,2
OneBusAway,1
OpenBlocksTeam,1
OpenConsultingGroup,1
OpenLake,1
OpenTracksApp,4
Orillio,1
OttoDIY,1
OverPoweredDev,1
OxygenCobalt,1
PRosenb,1
PalisadoesFoundation,6
Parabox-App,1
PascalHonegger,1
Patil-Tanmay,1
PatilShreyas,4
Pattonville-App-Development-Team,1
Peng-YM,1
PeterHdd,1
Petterpx,1
PhilippC,1
Philotes-exceptus,1
PhongHuynh93,2
PhotoBackup,1
PileProject,1
Piwigo,1
Plastix,1
PlugFox,5
Pluu,2
PoojaB26,1
Pool-Of-Tears,2
PopStackHack,2
Popalay,1
PotatoProject,1
Pradyuman7,1
Project-OSRM,1
ProjektMedInf,1
ProtonVPN,1
PunchThrough,1
Purdue-ACM-SIGApp,1
PurpleI2P,1
Pygmalion69,1
Pyrrha-Platform,3
Qase,1
QiYuTechOrg,3
QuantumBadger,1
QuriaCompanion,4
R4md4c,1
RHVoice,3
RSBat,2
RadarCOVID,1
RafhaanShah,1
RailwayStations,2
Raival-e,2
Rajeshkeshoju,3
RamziJabali,1
RapidAI,1
Razeeman,2
ReCodEx,1
ReactiveCircus,2
Read-Lax,1
Redgram,1
ReleaseStandard,1
Relorer,1
RetroMusicPlayer,2
RetroShare,3
Ribeiro-Tiago,2
RinoReyns,1
RiteshPuvvada,1
RocketChat,1
Runbhumi,1
Ryosuke839,1
SAGARSURI,1
SECURED-FP7,1
SG-O,2
SIKV,1
SIT-kite,5
SOPT-TEAM6-Aladin,1
STAR-ZERO,2
SUPERCILEX,1
SabraTech,1
SaeedMasoumi,1
SagerNet,11
SalmanTKhan,1
SamarpanCoder2002,3
Samourai-Wallet,1
Sangwan5688,3
SanketBhat,1
SanojPunchihewa,2
SapuSeven,2
Sar777,1
Sasycakeaway,2
ScreamingHawk,2
SebastianLiando,1
SecUSo,35
Seeneva,2
SefkanTas,2
SenorPez,1
Serious-senpai,1
Sesu8642,1
Sh4dowSoul,2
ShadyBoukhary,1
Shashank02051997,1
Shenggan,1
ShiftHackZ,1
Shillos,1
Shipr-Hub,3
Shouheng88,1
SibDev,1
Siddhant23,3
SilenceIM,1
SilverTuxedo,1
SimoneTinella,2
SinaSys,1
SirLordPouya,2
SirionRazzer,1
Skrilltrax,2
SkyTubeTeam,4
SkywalkerDarren,1
Slion,5
Sloy,1
SmartPack,1
SoorajModi,2
Spikeysanju,3
StAResComp,1
Stampede10343,1
StefanOltmann,1
StevenChege,1
StevenSalazarM,1
StoneMonarch,1
Strrationalism,1
SubhamTyagi,6
SufficientlySecure,2
SuhasDissa,1
Suncodeid,1
SuperCaliMan,1
Sushant-Hande,1
Sw24Softwares,1
Swati4star,1
SwissCovid,4
Swordfish90,2
T8RIN,1
TBog,3
TKJElectronics,1
TOMB5,2
TUM-Dev,1
TaQuangKhoi,1
TachibanaGeneralLaboratories,1
TakWolf,2
Takahana,1
Talentica,1
TangoAgency,1
TannerGabriel,2
Tardo,1
Team-B1ND,1
Team-ComIT,1
TeamAmaze,5
TeamMascota,1
TeamNewPipe,3
TechCafeFreedom,2
TechbeeAT,6
Tecode,1
Teester,1
Text-Mining,1
ThatCakeID,2
TheBoje,1
TheClashFruit,1
TheFakeMontyOnTheRun,3
TheLogicMaster,1
TheMindhouse,1
ThePBone,2
TheRakeshPurohit,1
TheRedSpy15,1
TheTeamPotato,1
TheToxProject,1
ThomasGaubert,1
TiagoMSSantos,7
TinasheMzondiwa,4
Tobi823,2
TocappGames,2
TokTok,1
TomBursch,5
Tommy-Geenexus,5
TonnyL,3
ToxicBakery,2
Trendyol,1
TrianguloY,9
TripSit,1
Tunous,1
TwidereProject,5
TxcA,2
Tyde,1
TylerCarberry,2
UCLComputerScience,4
Ultra-Techies,1
Umfi,1
Universite-Gustave-Eiffel,1
UriahShaulMandel,2
UseHover,4
VREMSoftwareDevelopment,2
VTCSecureLLC,1
Vaibhav2002,3
VelbazhdSoftwareLLC,3
VictorHVS,1
Vilbrekin,1
VincentAudibert,2
VinylMusicPlayer,1
VishnuSanal,2
VladThodo,4
VueTubeApp,1
W-sharp-TCU,2
WIStudent,1
Waboodoo,1
WangDaYeeeeee,1
Wheellog,2
WhosNickDoglio,2
WikiEducationFoundation,1
WildAid,1
WillieCubed,1
Wilm0r,2
Wolox,1
WorldBank-Transport,1
WorldHealthOrganization,2
X1nto,2
XCSoar,6
XilinJia,1
YacGroup,1
Yanndroid,4
Yash-Garg,3
YouROK,1
YoungTr,1
Yubico,6
YuriSizuku,5
YvesCheung,1
ZNotify,2
ZeevoX,1
ZeusWPI,1
Zewodec,1
Zverik,1
a-frank,1
a1studmuffin,1
aabeling,1
aabhasr1,1
aarcangeli,1
aaronlinv,2
abarisain,1
abbasalim,1
abd3lraouf,2
abertschi,2
abhi16180,2
abrensch,2
aburdiss,2
accentor,4
actions-marketplace-validations,3
adamdanielczyk,1
adeekshith,2
adibfara,1
adithya321,1
aditmodhvadia,4
adityakamble49,2
admin-ch,11
adorsys,3
adrianblancode,2
adriangl,9
adrielcafe,1
afermon,1
afirez,1
aftabsikander,1
agateau,2
agersant,3
aghontpi,1
agrawalsuneet,1
agustiyann,1
aint,1
airnativeextensions,1
aistra0528,1
aivanovski,1
aizuzi,1
ajay-dewari,1
ajitsing,2
akaessens,2
akebu6,4
akexorcist,1
akhbulatov,1
akiomik,2
akitikkx,1
akoufa,1
akshay2211,2
akvo,2
alabeduarte,1
alanlgoncalves,3
alanwoolley,3
alashow,2
albertolalanda,1
albertopeam,1
alex-amenos,1
alexandr7035,1
alexandregpereira,1
alexandreroman,1
alexkrafts,1
aliernfrog,2
alinbabu2010,2
alisonthemonster,2
allgood,4
altnokburcu,1
alvareztech,1
amake,3
amasciul,2
amfoss,3
amirisback,15
amos-flyinn,1
amrabed,1
anamansari062,3
anbox,2
andipabst,1
andraantariksa,1
andremion,1
andresth,1
andreynovikov,3
andriydruk,3
android-hacker,2
android-password-store,10
androidstarters,1
androidx,8
andstatus,1
andychucs,3
anesabml,1
anevero,1
aniketbhoite,1
anirudhmpai,1
anitab-org,4
ankidroid,12
annybudong,1
annypatel,1
anod,1
ant-design,3
anthonycr,1
anthonydahanne,1
anujd64,1
apesic,1
apognu,2
apps4av,1
ar-,1
aragaer,2
ardovic,1
arduia,1
areina,3
argraur,1
ariya,3
armancodv,1
arnav-deep,1
arop,1
arshadkazmi42,1
artur-ios-dev,1
arturogutierrez,1
artutra,1
aryamangodara,1
ashtanko,2
aslamanver,2
astubenbord,4
atick-faisal,2
atidevs,1
atiqsamtia,1
atsushieno,2
atticuscornett,2
austinried,2
authpass,5
autosquid,1
avalax,1
avan1235,2
avdyushin,1
avjinder,1
avram,1
axel358,3
ayatk,1
aydbtiko24,3
aykuttasil,2
azavea,1
b0r3k,1
b3dgs,2
babydots,2
badaix,1
bailuk,1
baitmooth,1
balzack,1
barnhill,1
battle-buddy,1
bauerj,5
bcgov,6
bclynch,1
beat-feet,2
beemdevelopment,2
benarmstead,2
benjaminwan,2
beomjo,2
berdosi,1
bernaferrari,2
bertrandmartel,6
berty,18
bervProject,1
betroy,1
betterclever,1
bguillaumat,1
bigman212,3
bigscreen,2
bihe0832,1
billthefarmer,24
bisi-dev,1
bitcoin-wallet,1
bitfireAT,4
blackbbc,1
blackcrowsys,1
bleibdirtroy,2
blindchimp,1
blockbasti,2
bloodyhealth,1
bluecherrydvr,2
bmaupin,1
bmx666,1
bobpoekert,1
bobrofon,1
bogerchan,1
boldtrn,2
bookdash,1
boon-code,1
boostcampwm-2021,3
boostcampwm-2022,3
bossly,7
bparmentier,2
bqliang,1
bradyhouse,1
bradyt,1
braille-systems,1
brainail,1
braniii,1
brarcher,7
brave,1
bravoborja,1
brayan,1
brdunn,1
brentvollebregt,1
brettfazio,1
briar,1
brookmg,1
brunnerant,1
brunodles,2
bubelov,1
butzist,4
c-h-,1
c3nav,1
caarmen,1
calcitem,11
camina-apps,2
canopas,2
capcom6,2
cappee,1
carousell,3
carts-uiet,1
cbeyls,1
cculife,2
celzero,3
cernekee,1
cervonwong,1
chahine,1
chaosbastler,1
chaosdorf,1
characterdog,1
chatwoot,1
cheers-li,2
chhabrarhea,1
chikecodes,1
chimon2000,1
chr56,3
chrimaeon,3
chris-horner,2
chrjsorg,1
ciasaboark,1
cie6868,1
ciffelia,1
cinit,1
citiususc,1
cketti,1
clean-apps,1
clementgarbay,1
clementine-player,1
clloret,1
cloudinary,1
cloudtrack,1
cmargonis,2
code-gambit,2
code-schreiber,1
code-with-the-italians,2
code4romania,2
codebutler,1
codex-iter,1
codingchili,1
codinguser,1
comodoro,2
comp500,1
compscidr,1
connectbot,4
corenting,1
corneliouzbett,2
corphish,1
costular,2
crawl,1
criticalmaps,1
croma-app,2
crux-bphc,1
csicar,3
cuongpm,2
cvbutani,1
cvillaseca,2
cvzi,3
cyb3rko,6
cyclestreets,1
czlucius,3
d4rken-org,15
daktak,4
damian-burke,1
damiengo,1
dangquanuet,1
danielceinos,1
danirod,2
dantehemerson,4
darakeon,3
darkmatter18,1
darshanparajuli,1
dashpay,3
datarockets,1
davidar,1
davidp799,1
davidpb0,1
davidtakac,1
davquar,1
dawnn-team,2
dcampogiani,2
dchandrani,1
dead-beef,3
deathkiller,12
deckerst,2
deltazefiro,2
demixr,1
denisacostaq,1
depromeet12th,3
derqurps,1
deskbtm,2
dev-aniketj,2
developer-shivam,3
developersu,1
devgianlu,3
devhubapp,1
devindi,1
devisnik,1
devmil,1
devpass-tech,1
dgngulcan,2
dgudim,1
dh4,1
dheerajkotwani,1
dhiraa,1
dhruvaop,1
diareuse,2
digitalgust,1
digitalkaoz,1
dimagi,2
dingyi222666,1
dinosaurwithakatana,1
dipakkr,1
divVerent,9
dkanada,1
dl00,2
dmfs,1
dmitrikudrenko,1
doablespace,4
docspell,4
dodohua,1
doerfli,1
domogik,1
dooptha,1
dotWee,3
dougkeen,1
douzifly,1
dreautall,1
dronetag,2
dscnitrourkela,4
dshukertjr,2
duckduckgo,11
duckie-team,3
dulvui,2
dwnste,1
dxsdyhm,1
dzikirqu,2
e-Luminous,1
easybangumiorg,1
edgar-zigis,4
edilsonmatola,2
efguydan,1
egendata,1
egorikftp,3
eidottermihi,1
eitan12345om,1
electrode-io,4
elijahverdoorn,1
elimu-ai,2
eliotstocker,1
elixsr,1
emenjivar,2
emschu,1
enricocid,1
entdark,1
ente-io,3
envelop-app,2
ephelsa,3
equeim,1
eriknellessen,2
esafirm,2
espeak-ng,8
ethanmdavidson,1
eugmes,1
euphony-io,1
ev-map,2
evroon,1
exokitxr,2
ezhome,1
fabienli,2
fabirt,1
facted-net,1
faldez,2
falzonv,1
famoser,1
fan123199,2
fankes,4
farmerbb,1
farsheel,1
faruktoptas,1
fayaz07,3
fbernutz,1
federicoiosue,2
feelfreelinux,1
fei0316,1
feiyin0719,1
felHR85,1
felipecsl,3
felipehjcosta,4
felipejoglar,1
fennifith,4
feronikanm,2
ferraridamiano,3
fevziomurtekin,1
fewlaps,1
fg607,1
fgl27,1
fh-erfurt,1
fidisys,1
finderlein,8
fiqryq,1
firelotus,1
fixme-lausanne,1
fkropfhamer,1
flareteam,2
flex3r,1
flexbooru,1
flipperdevices,5
floccusaddon,7
florent37,1
floschnell,1
flutter-thrio,1
fmonniot,1
folderv,1
forceporquillo,1
forrestguice,1
fossasia,4
fourcels,1
foxtrotdev,1
fpvout,1
fr3ts0n,1
francoisfds,1
frankmorgner,4
fredboy,1
free-watermark,2
freeCodeCamp,6
freenet-mobile,1
freeotp,1
fridayideas,1
frimtec,3
frinder,1
frizensami,1
fs,2
futurice,1
fuvidani,1
fym35,1
gabm,1
gabriaraujo,1
gaiththewolf,2
gallettilance,1
garritfra,1
gat786,1
gatheringhallstudios,1
gayanvoice,3
gbarre,1
gdg-berlin-android,1
gdg-x,1
gdickmann,1
gdsc-bbsbec,1
gearoenix,2
gentlecat,1
getActivity,7
getsentry,1
gfx,1
giang428,1
gicheonkang,1
gideonrotich,2
git-touch,1
gitpoint,1
gjedeer,1
glass-notes,1
godaddy,2
godotengine,9
gojek,2
gokadzev,7
gokulrajanpillai,1
golang-design,1
goldy1992,6
gonzaloguzzardi,2
goodow,1
googlecodelabs,2
gorrotowi,1
gotify,1
gouravkhunger,1
gouri-panda,2
goweii,1
gowth6m,1
grammatek,1
graviton57,1
greenaddress,1
greenlabsfin,1
grote,1
grspy,1
gruessung,1
gsantner,3
gsora,1
gstraube,1
guardianproject,4
guger,1
gujjwal00,2
gungoren,1
gyrodraw,1
gzu-liyujiang,2
habbichelotfi,1
hackslash-nitp,2
hadithmv,1
haiwen,1
hakobast,1
halilozcan,1
hammmmy,2
hamza94max,3
hapramp,2
haroldadmin,2
harshshinde07,1
hash-checker,2
hashlin,1
hatamiarash7,1
hbirchtree,5
hegocre,2
helio-fm,2
henniaufmrenni,4
henrykvdb,1
hide1202,2
hidroh,2
hiennguyen92,1
hieuwu,1
hifeful,1
hinterlandcreative,1
hishoot2i,2
hitanshu-dhawan,2
hitherejoe,1
hoanghiephui,1
holylobster,1
hongbeomi,2
horizontalsystems,3
hossain-khan,4
hotstu,1
houxg,1
hrydgard,6
hugokiehl,1
huntj88,2
husaynhakeem,1
hushenghao,1
hydrargyrum,1
hzitoun,1
iSimar,1
iSoron,1
iTXTech,1
iabdelgawaad,1
iamrasel,2
ianDesson,1
ibara1454,3
ic005k,5
icasdri,1
ice1000,1
iceCola7,1
ichisadashioko,1
ichsanulalifwan,1
icrc,2
iglaweb,2
ihsanbal,1
iliad-app,1
ilkeraslan,1
ilovelinux,1
ilya-rb,1
imGurpreetSK,1
indianpoptart,3
indication,1
indywidualny,1
infertux,1
infinitepower18,1
insiderdev,2
institutotim,1
intret,1
intrications,1
inu-appcenter,1
inv3rse,1
invercity,1
invissvenska,2
invoiceninja,2
iota9star,1
ipfs-shipyard,4
irfanirawansukirman,1
isuPatches,1
italankin,3
itning,1
itsarjunsinh,1
itsnitish22,1
itsvks19,1
ivaniskandar,1
ivpn,2
iyxan23,1
j-roskopf,1
j4velin,3
jahirfiquitiva,1
jakepurple13,1
james-woo,1
jamiesanson,1
janbar,3
jaredforrest,1
jaredsburrows,2
jasonwyatt,1
jasonycw,1
javacafe01,1
javiersantos,2
jayasuryat,1
jazzm0,1
jberkel,1
jdamcd,2
jdfossapps,1
jensstein,2
jerameel,3
jeremyrempel,1
jeroenouw,2
jerryOkafor,1
jfilter,1
jhomlala,1
jianjunxiao,1
jie-meng,1
jihoi-kang,1
jimmod,1
jing332,3
jitendra3109,1
jithware,2
jitinsharma,1
jitsi,4
jixiaoyong,2
joaaomanooel,5
joaojsrbr,1
joaomneto,1
jogboms,1
johnjore,2
jonashackt,1
jonasoreland,1
jonghough,1
jonjomckay,2
joreilly,2
josemmo,1
josh26turner,1
josharsh,1
joshuadeguzman,1
jpaulynice,1
jrodriguezva,5
jruesga,2
jspw,1
juan-goncalves,1
julian-klode,2
junior0803,2
jurajkusnier,2
jusleg,1
just-ai,2
justjanne,1
k3b,8
kafri8889,1
kailash09dabhi,1
kalaspuffar,1
kaliturin,1
kaltura,1
kamaravichow,1
kamgurgul,1
kapillamba4,1
karan4c6,1
kavindyasinthasilva,1
kb-1000,1
kebernet,2
kee-org,3
keibai,1
keiji,1
kerusey,2
keshav-space,1
kevinhinterlong,2
keymapperorg,3
khaleeljageer,1
kibotu,9
kickstarter,1
kidozh,2
kirimin,1
kirmanak,2
kiwibrowser,2
kiwix,5
kiyui,1
kjbaker-uk,1
klassm,3
knight-kk,1
kobakei,2
koel,1
koelleChristian,1
koenidv,1
kofemann,1
koha13,1
kolserdav,1
konnovdev,1
kontalk,1
koreader,1
korsumaki,1
kost,1
kostasdrakonakis,4
kpauly2,1
krzdabrowski,1
ksu3101,1
kudoabhijeet,1
kulasekara02,1
kulloveth,1
kvnp,3
kyawhtut-cu,3
kylecorry31,1
kylingo,1
kyori19,2
l3ger0j,1
ladrahul25,1
lanrat,1
laurent22,5
lazy-geek,1
lazy-pr0grammer,1
lbryio,2
lchad,1
leaonline,6
leinelissen,2
lemra-org,3
leonlatsch,4
lesspass,17
letelete,1
lexica,2
lfuelling,2
liangjingkanji,2
ligi,2
lincanbin,1
linesoft2,1
linkedin,4
linzuzeng,1
lionello,2
liplum,1
lirisoft-llc,1
listen1,1
littledot,1
liu-wanshun,1
liuran001,3
livnoni,1
liying2008,1
lkorth,1
llopisdon,1
localsend,4
lollipopkit,2
longdivision,1
longluo,2
lordi,2
louib,1
louis993546,2
lovejjfg,1
lpapailiou,1
lrusso,6
lschaeffer313,2
ltheinrich,1
lubenard,1
lucasasselli,1
lucasew,1
lucasnlm,1
ludoscity,1
luiseos-B2,2
lujiahao0708,1
luk1337,2
lukaspieper,1
luoqii,1
lupyuen,1
lwjfork,1
lx223,2
m7mdra,1
mI-PIV,2
machbarschaft,1
macrat,1
mafreud,2
magicphotos,2
maks,1
maksim-m,2
malaonline,1
mamewotoko,2
manishkummar21,2
mansoura-cis,1
manuelduarte077,1
maoruibin,1
mapzen,1
marcowindt,3
mareksabo,1
marinantonio,2
mars3142,1
mars885,2
martapanc,1
martineq,1
martykan,2
marunjar,1
mash-up-kr,1
massivemadness,1
masterj3y,1
mataku,4
mate-app,1
materialos,1
mateusz-bak,1
matiascalvo,1
matiasdelellis,1
mattermost,8
matthieucoisne,2
matthprost,1
max-kammerer,1
maxistar,1
maxpower47,1
maxroehrl,1
mayojava,1
maysax,1
mboukadir,1
mcadamm4,2
mcastillof,2
mclintprojects,1
mcnamee,1
mcnaveen,1
mcode8,3
mediathekview,1
medic,2
meditohq,3
mehatab,1
mejdi14,1
memfis19,1
memgonzales,2
mendhak,2
mengdd,1
meonwax,1
mercy-project,1
meta-boy,1
metabrainz,4
metrodroid,1
meypod,3
mgerhardy,1
mgolokhov,1
mh-,1
miao1007,1
michaelcarrano,3
michaelgrigoryan25,1
michaeltroger,6
michelelacorte,1
microg,6
microsoft,3
micuintus,1
mideind,1
midhunhk,1
miguelhincapie,1
mike14u,1
mikepenz,2
mikljohansson,1
mikucat0309,3
mimuc,1
mingli1,1
minikin,1
mirru-app,1
mishraaditya595,2
mithun17,1
mjaun,2
mkeeda,2
mkg20001,1
mkrupal09,3
mniip,1
mo3rfan,1
mobileappdevhm,1
mohsenyz,2
moneytoo,1
moonlight-stream,1
moritz-weber,4
moritzgloeckl,1
mosra,1
mozilla,1
mozilla-mobile,1
mpcjanssen,2
mptwaktusolat,3
mpv-android,2
mrcsxsiq,1
mrousavy,5
msfjarvis,3
msieczko,1
mueller-ma,9
muffix,1
muigukenneth,1
mukeshsolanki,1
mulieriq,2
mullvad,19
mupen64plus-ae,1
muratozturk5,2
musfiqus,1
musicbeeremote,1
mustafa01ali,2
muxable,13
mykola-dev,2
myspecialway,1
mysteriumnetwork,1
mzdm,3
nCine,6
nEdAy,3
nadraliev,1
naman14,1
namehillsoftware,1
nanihadesuka,1
natario1,3
nathanael-h,1
nbossard,1
nbsp-team,1
ncs-jss,1
nelenkov,4
nelsonjchen,1
nerzhul,1
nesbox,2
netmackan,1
neubi4,3
neverfelly,1
newtykins,1
nextcloud,43
nfcgate,1
nfcim,2
nhirokinet,3
niccokunzmann,1
niehusst,1
nikolajakshic,1
niltonvasques,1
nining377,1
niranjan94,1
nithinmanne,1
nitishkaf,1
nitroshare,1
niuhuan,3
niusounds,1
nivisi,5
njitdev,1
nneaning,1
nntuyen,1
noahjutz,1
noboru-i,1
nolia,1
noln,2
norkator,1
novoda,2
now-u,3
nphausg,1
nt4f04uNd,3
nuclearfog,1
nucleus-ffm,1
nuhkoca,1
nukc,1
nullxception,2
nwHacks2017,1
nwtgck,1
obfusk,2
objectbox,1
odaridavid,4
odiapratama,2
odota,1
ofalvai,1
ofekashery,1
ogtega,1
ohyooo,1
oianmol,1
ojacquemart,1
oliexdev,2
oliveroneill,1
omerjerk,1
onecoolx,4
onuralpszr,3
ooni,4
opatry,1
open-keychain,3
open-roboclub,1
openHPI,2
openMF,1
openairapp,1
openclimatefix,1
opendocument-app,1
openfoodfacts,18
openhab,5
openintents,2
openproject,1
opensource254,1
opentelecoms-org,1
openvk,1
organicmaps,1
orgzly,1
orhanobut,1
orogersilva,2
osamhack2020,1
oscarg798,4
osfans,3
osmandapp,2
ostrya,1
osudroid,2
otaconix,1
otormaigh,1
ouchadam,6
outadoc,4
owncloud,2
owwlo,1
oxagast,1
oxygen-updater,1
ozelevrim,1
pablobaxter,1
pako1,3
pakoito,1
palfrey,2
pandemia-app,1
pantasystem,2
pasanjg,1
passiondroid,1
passwdapp,1
patou,2
patri9ck,1
patroclos,1
patzly,1
paug,1
pawank0411,1
pc-magas,3
pct-org,3
pebble-dev,1
peercoin,2
penfeizhou,1
persian-calendar,5
perun-network,1
peternijssen,1
phanatagama,1
phramusca,2
phunehehe,1
phw,3
pilgr,1
pipelka,2
piriurna,1
piskula,1
pixelcatapp,1
piyush97,1
pjsip,7
pknu-wap,1
plafue,1
plasma-social,2
plateaukao,1
platypii,1
plplmax,1
pocmo,1
ponewheel,1
poseidn,1
posm,1
powerje,1
pppscn,2
pr4bh4sh,1
pradeeshmp,1
pradyotprksh,7
praharshjain,3
prakh25,1
praslnx8,4
prathameshmm02,1
pratikvar,1
praveenrajput,3
pretix,6
prime-slam,3
privacybydesign,2
probablykasper,1
profmaddo,1
programadorthi,1
projectmatris,1
prolificinteractive,1
proninyaroslav,3
proxer,1
proydakov,1
proyecto26,1
przemarbor,2
psanford,1
ptkNktq,1
pushpalroy,1
pwittchen,3
q60,1
qimiko,2
qkdxorjs1002,1
qolbudr,1
qqq3,1
quaddy-services,1
quantum-shift,3
queler,2
quemb,1
quickwritereader,2
r0adkll,3
raag-music,1
rafaelfelipeac,2
rafaeltoledo,3
rafayali,3
rafsanjani,1
raghavtilak,3
rahulworld,1
rainerblind,1
rajkumaar23,1
ralonsobeas,1
ramack,1
ratsan,2
raxden,4
razaghimahdi,1
razinj,1
redsolution,1
redwarp,7
relaycorp,2
relish-wang,1
renard314,1
renyuneyun,2
reskimulud,5
retrograde,1
revoltchat,2
revolut-mobile,5
rezaiyan,1
ricknout,1
rikuyu,1
rizky,1
rm3l,3
rnd-ash,2
rnehra01,1
rob729,2
robertoduessmann,1
robototes,1
rohanoid5,1
rommansabbir,1
ronghao,3
room-15,1
rootstrap,1
rosterloh,1
rosuH,2
rozPierog,4
rsiebert,1
rsteube,1
rubenwardy,1
rubygarage,1
ruleant,1
rumaan,1
ruskakimov,1
ruslin-note,1
rust-keylock,1
ryuunoakaihitomi,1
s-bauer,1
sagiadinos,1
sahan,1
saihaj,1
sajjadjaved01,1
sakura-mobile,2
salah3x,1
sallySalem,2
sanjmen,1
santalu,5
sanzoghenzo,2
sarafanshul,1
sarthakpranesh,1
saschpe,5
sasfmlzr,1
satoshun,1
saumya1singh,1
savvasdalkitsis,6
savvyapps,1
sazid,1
sbmvirdi,3
schnatterer,1
schwabe,1
scoutant,1
scummvm,2
sdresselmann,3
sduduzog,1
seemoo-lab,1
segler-alex,4
sellmair,1
sephiroth74,1
serbelga,2
serguun42,3
shadowsocks,2
shagalalab,1
shake-it-shake,1
sharshi,2
shayantabatabaee,1
shensven,3
shinilms,1
shivarajp,1
shounak-dev,1
shrikanth7698,1
shubham0204,2
shubhanshu02,1
siddheshkothadi,1
sieunju,1
siggel,2
sign,2
silmood,1
simlar,1
simonnorberg,1
simonpham,1
simplex-chat,3
sirekanyan,1
siristechnology,3
sismics,1
sitatec,1
ska2519,2
skas-labs,1
skmodi649,1
sky-map-team,3
skydoves,6
slartus,2
sliskiCode,1
smallSohoSolo,1
smarek,1
smuyyh,1
snikket-im,1
snoe,1
softwarejimenez,1
sofwerx,1
solkin,4
sonusourav,1
soundcrowd,2
spacecowboy,4
spacepandas,1
sparcs-kaist,6
spinda,1
srbrettle,1
sreejithbnaick,1
sreichholf,1
srgtrujillo,1
sridharjajoo,1
ssaqua,2
sschuberth,2
sschueller,3
ssivenkov,1
sssemil,1
st1hy,1
st235,1
staart,4
staceybellerose,1
staltz,5
standardnotes,13
steedos,1
stefan-niedermann,4
stephan-gh,1
stevie1mat,1
stopstalk,2
streetwriters,11
stroke-input,1
student-hub,3
stylianosnicoletti,4
stylo-app,1
subchannel13,1
sugarmanz,2
suhocki,1
sunilpaulmathew,3
superjobru,1
supersu-man,2
supertuxkart,4
superus8r,2
supervons,1
surajsau,1
sureshmaidaragi1919,1
sustcast,1
sv-bootcamp,1
svenjacobs,2
svignesh93,1
svrana,1
sweetiepiggy,1
swipefintech,2
sylirre,1
syllogismos,1
sylvek,1
synyx,1
systemallica,1
szkolny-eu,3
tailscale,2
taitberlette,1
tananaev,2
tareksander,1
tasks,2
tasomaniac,1
team-aliens,1
team-peekabook,1
teamOSC,1
teambtcmap,1
teamulster,2
teamulster2,1
tech-conferences,1
techie66,2
teekamsuthar,1
telegram-sms,1
tenzap,1
teobaranga,1
terabyte25,1
termux,12
terramauthe,1
thaleslima,1
thangtran480,1
the-orange-alliance,1
theAkito,1
theblackwidower,2
therexone,1
theruslanusmanov,1
thesandipv,2
thiagokimo,1
thialfihar,1
thibseisel,1
thilojaeggi,1
thisisyusub,1
thomasleplus,7
thu-info-community,2
thundernest,3
thuryn,1
tianhaoz95,4
tiefz,1
tikivn,1
tilk,1
timer-machine,1
timmo001,6
timoftime,1
timonback,1
tinacious,1
tiquasar,1
tminet,3
tminions,1
tom-anders,1
tommus,1
tommy351,3
tomoya0x00,1
topjohnwu,1
tramlinehq,7
trenton-telge,1
trikita,2
trinkster,1
trinnguyen,1
tscholze,1
tslamic,1
tube42,1
tughi,1
turbo-lab,1
turleo,2
turtton,4
tutao,2
twilio,1
twireapp,1
tylerbwong,5
tytydraco,1
tzebrowski,1
tzutalin,1
u-wave,1
uTox,2
ubergeek42,1
uberspot,1
ucsb-cs48-w20,1
uditkarode,1
uhooi,4
ukanth,1
unblinking,1
unhappychoice,1
unibuc-cs,1
unnati914,1
upost,1
upvorg,2
uqbar-project,2
urandom,1
v-adhithyan,1
vadiole,1
vadret,2
vanilla-music,1
vanita5,1
vanpra,2
varbhat,1
vatbub,1
vector-im,19
veetaw,3
veikkos,1
veken0m,1
velazcod,1
veler,1
verygoodsecurity,1
vexelon-dot-net,1
vfsfitvnm,1
vgaidarji,2
vgrec,1
vhaudiquet,1
vidit135g,1
vilmacio,1
vinayagasundar,1
vincent-paing,2
violetwei,1
vitorhugods,2
vitorpamplona,2
vkgeo,2
vladdossik,3
vukan-markovic,2
w568w,1
wajahatkarim3,1
wallabag,2
wangjiegulu,1
wardellbagby,4
warmshowers,1
warting,6
wavesplatform,1
wbrawner,2
wendreof,2
werbhelius,1
wger-project,3
whether-jacket,1
whiskeyfei,1
whizzzkid,1
why168,1
wikimedia,4
williamniemiec,2
wiomoc,1
wiringbits,2
wispborne,1
withplum,2
wizos,1
wkrzywiec,3
woesss,1
woheller69,1
wolpi,2
wonkey-coders,8
wshunli,1
wtcounter,1
wuan,2
wuhenzhizao,1
wulijie,1
wupdigital,1
wzslr321,3
x13a,14
xamarin,2
xausky,1
xbdcc,1
xbmc,3
xgouchet,1
xiaojieonly,1
xiprox,1
xmartlabs,3
xujiaji,1
xxf098,2
yadav-rahul,1
yahch,1
yahoojapan,1
yahyatinani,2
yairm210,8
yash786agg,1
yashkite,1
yashovardhan99,3
yasincidem,1
yeSpud,3
yggdrasil-network,1
ygohko,1
yjfnypeu,1
ylogx,1
yogeshpaliyal,6
yongjhih,1
yoonseopshin,2
youkai-app,1
yourappsgeek,1
yshrsmz,1
yukuku,1
yuliansyahibr,1
yunowo,3
yuriykulikov,4
yusufonderd,1
yy1300326388,1
yydcdut,1
z-huang,2
z7workbench,1
zVolt,2
zacdevil10,1
zaguragit,1
zdavatz,3
zeevy,2
zelenyhleb,1
zenorogue,3
zetbaitsu,1
zfb132,2
zfdang,3
zhanghai,4
zhanzengyu,1
zhenghaoz,1
zoff99,9
zorgluf,1
zouroboros,2
zsqw123,1
zugaldia,1
zulip,1
zxc111,1
zyrouge,4
